,antecedents,next playlist
0,Sự Tích Con Rồng Cháu Tiên,Sự Tích Thạch Sùng
1,Sự Tích Thạch Sùng,"Sự Tích Con Rồng Cháu Tiên,Nghìn Lẻ Một Đêm - 1001 đêm"
2,Trở Về Từ Cõi Sáng,"Trở về từ xứ tuyết, Huyền thuật và các đạo sĩ Tây Tạng,Minh Triết Trong Đời Sống, Huyền thuật và các đạo sĩ Tây Tạng,Trở về từ xứ tuyết, Minh Triết Trong Đời Sống,Dấu Chân Trên Cát, Huyền thuật và các đạo sĩ Tây Tạng,Minh Triết Trong Đời Sống, Dấu Chân Trên Cát,Trở về từ xứ tuyết, Dấu Chân Trên Cát,Hoa Sen Trên Tuyết,Đường Mây Qua Xứ Tuyết ,Bên Rặng Tuyết Sơn ,Huyền thuật và các đạo sĩ Tây Tạng,Trở về từ xứ tuyết,Minh Triết Trong Đời Sống,Dấu Chân Trên Cát,Vị Tu Sĩ Bán Chiếc Ferrari"
3,Bên Rặng Tuyết Sơn ,"Trở về từ xứ tuyết, Minh Triết Trong Đời Sống,Đường Mây Qua Xứ Tuyết ,Trở về từ xứ tuyết, Dấu Chân Trên Cát,Trở Về Từ Cõi Sáng,Trở về từ xứ tuyết,Huyền thuật và các đạo sĩ Tây Tạng,Minh Triết Trong Đời Sống,Dấu Chân Trên Cát"
4,Huyền thuật và các đạo sĩ Tây Tạng,"Trở Về Từ Cõi Sáng, Trở về từ xứ tuyết,Trở Về Từ Cõi Sáng, Minh Triết Trong Đời Sống,Trở Về Từ Cõi Sáng, Dấu Chân Trên Cát,Ngọc sáng trong hoa sen,Trở về từ xứ tuyết, Minh Triết Trong Đời Sống,Minh Triết Trong Đời Sống, Dấu Chân Trên Cát,Đường Mây Qua Xứ Tuyết ,Trở về từ xứ tuyết, Dấu Chân Trên Cát,Trở Về Từ Cõi Sáng,Hoa Sen Trên Tuyết,Bên Rặng Tuyết Sơn ,Trở về từ xứ tuyết,Minh Triết Trong Đời Sống,Dấu Chân Trên Cát,Vị Tu Sĩ Bán Chiếc Ferrari"
5,Trở về từ xứ tuyết,"Bên Rặng Tuyết Sơn , Minh Triết Trong Đời Sống,Bên Rặng Tuyết Sơn , Dấu Chân Trên Cát,Hoa Sen Trên Tuyết, Dấu Chân Trên Cát,Trở Về Từ Cõi Sáng, Huyền thuật và các đạo sĩ Tây Tạng,Trở Về Từ Cõi Sáng, Dấu Chân Trên Cát,Trở Về Từ Cõi Sáng, Minh Triết Trong Đời Sống,Minh Triết Trong Đời Sống, Dấu Chân Trên Cát,Minh Triết Trong Đời Sống, Huyền thuật và các đạo sĩ Tây Tạng,Dấu Chân Trên Cát, Huyền thuật và các đạo sĩ Tây Tạng,Hoa Trôi Trên Sóng Nước,Đường Mây Qua Xứ Tuyết ,Vị Tu Sĩ Bán Chiếc Ferrari, Dấu Chân Trên Cát,Ngọc sáng trong hoa sen,Bên Rặng Tuyết Sơn ,Hoa Sen Trên Tuyết,Trở Về Từ Cõi Sáng,Huyền thuật và các đạo sĩ Tây Tạng,Minh Triết Trong Đời Sống,Dấu Chân Trên Cát,Vị Tu Sĩ Bán Chiếc Ferrari,Trời Tính Không Bằng Trời Tính ,Đắc Nhân Tâm"
6,Đường Mây Qua Xứ Tuyết ,"Bên Rặng Tuyết Sơn ,Trở Về Từ Cõi Sáng,Huyền thuật và các đạo sĩ Tây Tạng,Trở về từ xứ tuyết,Minh Triết Trong Đời Sống,Dấu Chân Trên Cát"
7,Ngọc sáng trong hoa sen,"Huyền thuật và các đạo sĩ Tây Tạng,Minh Triết Trong Đời Sống,Trở về từ xứ tuyết,Dấu Chân Trên Cát"
8,Hoa Sen Trên Tuyết,"Trở về từ xứ tuyết, Dấu Chân Trên Cát,Trở Về Từ Cõi Sáng,Huyền thuật và các đạo sĩ Tây Tạng,Trở về từ xứ tuyết,Minh Triết Trong Đời Sống,Dấu Chân Trên Cát"
9,Minh Triết Trong Đời Sống,"Trở Về Từ Cõi Sáng, Huyền thuật và các đạo sĩ Tây Tạng,Trở Về Từ Cõi Sáng, Trở về từ xứ tuyết,Bên Rặng Tuyết Sơn , Trở về từ xứ tuyết,Trở về từ xứ tuyết, Huyền thuật và các đạo sĩ Tây Tạng,Trở Về Từ Cõi Sáng, Dấu Chân Trên Cát,Ngọc sáng trong hoa sen,Dấu Chân Trên Cát, Huyền thuật và các đạo sĩ Tây Tạng,Trở về từ xứ tuyết, Dấu Chân Trên Cát,Trở Về Từ Cõi Sáng,Đường Mây Qua Xứ Tuyết ,Bên Rặng Tuyết Sơn ,Hoa Sen Trên Tuyết,Huyền thuật và các đạo sĩ Tây Tạng,Trở về từ xứ tuyết,Dấu Chân Trên Cát,Dưới Ánh Sáng Của Thiền,Vị Tu Sĩ Bán Chiếc Ferrari,Trời Tính Không Bằng Trời Tính ,Đắc Nhân Tâm,Thái độ quyết định thành công"
10,Hoa Trôi Trên Sóng Nước,"Trở về từ xứ tuyết,Dấu Chân Trên Cát"
11,Điểm Tin Quốc Tế,Điểm Tin Trong Nước
12,Điểm Tin Trong Nước,Điểm Tin Quốc Tế
13,Dấu Chân Trên Cát,"Trở Về Từ Cõi Sáng, Trở về từ xứ tuyết,Trở Về Từ Cõi Sáng, Huyền thuật và các đạo sĩ Tây Tạng,Hoa Sen Trên Tuyết, Trở về từ xứ tuyết,Trở về từ xứ tuyết, Huyền thuật và các đạo sĩ Tây Tạng,Trở về từ xứ tuyết, Minh Triết Trong Đời Sống,Bên Rặng Tuyết Sơn , Trở về từ xứ tuyết,Trở Về Từ Cõi Sáng, Minh Triết Trong Đời Sống,Minh Triết Trong Đời Sống, Huyền thuật và các đạo sĩ Tây Tạng,Hoa Trôi Trên Sóng Nước,Trở về từ xứ tuyết, Vị Tu Sĩ Bán Chiếc Ferrari,Ngọc sáng trong hoa sen,Đường Mây Qua Xứ Tuyết ,Trở Về Từ Cõi Sáng,Hoa Sen Trên Tuyết,Trở về từ xứ tuyết,Huyền thuật và các đạo sĩ Tây Tạng,Bên Rặng Tuyết Sơn ,Minh Triết Trong Đời Sống,Không Diệt Không Sinh Đừng Sợ Hãi - Thích Nhất Hạnh,Vị Tu Sĩ Bán Chiếc Ferrari,Giỏi Giao Tiếp Dễ Thành Công,Trời Tính Không Bằng Trời Tính ,Nghìn Lẻ Một Đêm - 1001 đêm,Đắc Nhân Tâm,Thái độ quyết định thành công"
14,Nhạc Thư Giãn Giảm Stress,"Nhạc Không Lời Nhẹ Nhàng,Trời Tính Không Bằng Trời Tính "
15,Nhạc Không Lời Nhẹ Nhàng,"Nhạc Thư Giãn Giảm Stress,Nhìn Cuộc Sống Khác Đi,Trời Tính Không Bằng Trời Tính "
16,Vị Tu Sĩ Bán Chiếc Ferrari,"Trở về từ xứ tuyết, Dấu Chân Trên Cát,Trở Về Từ Cõi Sáng,Trở về từ xứ tuyết,Huyền thuật và các đạo sĩ Tây Tạng,Minh Triết Trong Đời Sống,Dấu Chân Trên Cát,Nghĩ giàu Làm giàu - Think and Grow Rich,Giỏi Giao Tiếp Dễ Thành Công,Trời Tính Không Bằng Trời Tính ,Đắc Nhân Tâm,Thái độ quyết định thành công"
17,Không Diệt Không Sinh Đừng Sợ Hãi - Thích Nhất Hạnh,Dấu Chân Trên Cát
18,Bí Ẩn Sử Việt,"Tây Sơn Ký: Những câu chuyện về thời đại của Hoàng đế Quang Trung,Nghìn Lẻ Một Đêm - 1001 đêm,Trời Tính Không Bằng Trời Tính ,Thái độ quyết định thành công,Đắc Nhân Tâm"
19,Tây Sơn Ký: Những câu chuyện về thời đại của Hoàng đế Quang Trung,"Bí Ẩn Sử Việt,Trời Tính Không Bằng Trời Tính "
20,Dưới Ánh Sáng Của Thiền,Minh Triết Trong Đời Sống
21,Nghìn Lẻ Một Đêm - 1001 đêm,"Sự Tích Thạch Sùng,Bí Ẩn Sử Việt,Tư Duy Tích Cực - Bạn Là Những Gì Bạn Nghĩ (Nhập Thiền),Dấu Chân Trên Cát,Trời Tính Không Bằng Trời Tính ,Đừng Bao Giờ Từ Bỏ Ước Mơ,Giỏi Giao Tiếp Dễ Thành Công,Thái độ quyết định thành công"
22,Nghĩ giàu Làm giàu - Think and Grow Rich,"Vị Tu Sĩ Bán Chiếc Ferrari,Giỏi Giao Tiếp Dễ Thành Công,Đắc Nhân Tâm,Trời Tính Không Bằng Trời Tính ,Thái độ quyết định thành công"
23,Nhìn Cuộc Sống Khác Đi,"Nhạc Không Lời Nhẹ Nhàng,Đừng Bao Giờ Từ Bỏ Ước Mơ,Trời Tính Không Bằng Trời Tính ,Thái độ quyết định thành công,Đắc Nhân Tâm"
24,10 Quy luật cuộc sống,"Đừng Bao Giờ Từ Bỏ Ước Mơ,Thái độ quyết định thành công"
25,Đừng Bao Giờ Từ Bỏ Ước Mơ,"10 Quy luật cuộc sống,Nhìn Cuộc Sống Khác Đi,Tư Duy Tích Cực - Bạn Là Những Gì Bạn Nghĩ (Nhập Thiền),Thái độ quyết định thành công,Trời Tính Không Bằng Trời Tính ,Nghìn Lẻ Một Đêm - 1001 đêm,Đắc Nhân Tâm"
26,Giỏi Giao Tiếp Dễ Thành Công,"Nghĩ giàu Làm giàu - Think and Grow Rich,Vị Tu Sĩ Bán Chiếc Ferrari,Dấu Chân Trên Cát,Đắc Nhân Tâm,Thái độ quyết định thành công,Trời Tính Không Bằng Trời Tính ,Nghìn Lẻ Một Đêm - 1001 đêm"
27,Tư Duy Tích Cực - Bạn Là Những Gì Bạn Nghĩ (Nhập Thiền),"Đừng Bao Giờ Từ Bỏ Ước Mơ,Thái độ quyết định thành công,Nghìn Lẻ Một Đêm - 1001 đêm,Trời Tính Không Bằng Trời Tính ,Đắc Nhân Tâm"
28,Thái độ quyết định thành công,"Đừng Bao Giờ Từ Bỏ Ước Mơ,10 Quy luật cuộc sống,Tư Duy Tích Cực - Bạn Là Những Gì Bạn Nghĩ (Nhập Thiền),[Sách Tóm Tắt] Nguyên Lý 80 - 20,[Sách Tóm Tắt] Dạy Con Làm Giàu - Cha giàu Cha nghèo,Giỏi Giao Tiếp Dễ Thành Công,Nhìn Cuộc Sống Khác Đi,Nghĩ giàu Làm giàu - Think and Grow Rich,[Sách Tóm Tắt] Đọc Vị Bất Kỳ Ai,Hạt Giống Tâm Hồn 12,Tâm Lý Học,Trời Tính Không Bằng Trời Tính ,Nghìn Lẻ Một Đêm - 1001 đêm,Bí Ẩn Sử Việt,Minh Triết Trong Đời Sống,Đắc Nhân Tâm,Vị Tu Sĩ Bán Chiếc Ferrari,Dấu Chân Trên Cát"
29,Trời Tính Không Bằng Trời Tính ,"Tây Sơn Ký: Những câu chuyện về thời đại của Hoàng đế Quang Trung,Vị Tu Sĩ Bán Chiếc Ferrari,Nhạc Thư Giãn Giảm Stress,Nhạc Không Lời Nhẹ Nhàng,Minh Triết Trong Đời Sống,Tâm Lý Học,Dấu Chân Trên Cát,Số Đỏ,Trở về từ xứ tuyết,Đừng Bao Giờ Từ Bỏ Ước Mơ,Nghĩ giàu Làm giàu - Think and Grow Rich,Bí Ẩn Sử Việt,Nhìn Cuộc Sống Khác Đi,Tư Duy Tích Cực - Bạn Là Những Gì Bạn Nghĩ (Nhập Thiền),Nghìn Lẻ Một Đêm - 1001 đêm,Giỏi Giao Tiếp Dễ Thành Công,[Sách Tóm Tắt] Đọc Vị Bất Kỳ Ai,Thái độ quyết định thành công,Đắc Nhân Tâm,Hạt Giống Tâm Hồn 12"
30,Người Giàu Có Nhất Thành Babylon,Đắc Nhân Tâm
31,Đắc Nhân Tâm,"Người Giàu Có Nhất Thành Babylon,Giỏi Giao Tiếp Dễ Thành Công,Nghĩ giàu Làm giàu - Think and Grow Rich,Tư Duy Tích Cực - Bạn Là Những Gì Bạn Nghĩ (Nhập Thiền),Vị Tu Sĩ Bán Chiếc Ferrari,Dấu Chân Trên Cát,Minh Triết Trong Đời Sống,Trở về từ xứ tuyết,Thái độ quyết định thành công,[Sách Tóm Tắt] Đọc Vị Bất Kỳ Ai,Đừng Bao Giờ Từ Bỏ Ước Mơ,Trời Tính Không Bằng Trời Tính ,Nhìn Cuộc Sống Khác Đi,Bí Ẩn Sử Việt"
32,[Sách Tóm Tắt] Nguyên Lý 80 - 20,Thái độ quyết định thành công
33,Tâm Lý Học,"Trời Tính Không Bằng Trời Tính ,Thái độ quyết định thành công"
34,Số Đỏ,Trời Tính Không Bằng Trời Tính 
35,[Sách Tóm Tắt] Dạy Con Làm Giàu - Cha giàu Cha nghèo,Thái độ quyết định thành công
36,[Sách Tóm Tắt] Đọc Vị Bất Kỳ Ai,"Trời Tính Không Bằng Trời Tính ,Thái độ quyết định thành công,Đắc Nhân Tâm"
37,Hạt Giống Tâm Hồn 12,"Thái độ quyết định thành công,Trời Tính Không Bằng Trời Tính "
38,,
